chipset,driver,brand,model,vid_pid,kernel_source_attribution,fcc_id,confidence,notes
MT7610U,mt76x0u,Generic / MediaTek reference,(generic),148F:7610,kernel mt76x0/usb.c,n/a,A,"Reference design VID:PID. Generic MediaTek 'MT7610U' string in kernel."
MT7610U,mt76x0u,Linksys,AE6000,13B1:003E,kernel mt76x0/usb.c,n/a,A,"Kernel comment: 'Linksys AE6000'."
MT7610U,mt76x0u,Sabrent / generic OEM (also Alfa AWUS036ACHM, Panda PAU0B),(multiple),0E8D:7610,kernel mt76x0/usb.c (comment: 'Sabrent NTWLAC'),n/a,A,"Generic OEM-MediaTek binding. Per WikiDevi and community, also covers Alfa AWUS036ACHM and Panda PAU0B. In Nick's Speed_Comparison: AWUS036ACHM at 212 Mb/s."
MT7610U,mt76x0u,TP-Link,TL-WDN5200,148f:761a,kernel mt76x0/usb.c,n/a,A,"Kernel attributes 148f:761a to TL-WDN5200. Archer T2UHP is at 2357:0123 (US) / 2357:010b (UN)."
MT7610U,mt76x0u,TP-Link,Archer T2UHP (US v1),2357:0123,kernel mt76x0/usb.c,n/a,A,"Added based on kernel device table."
MT7610U,mt76x0u,TP-Link,Archer T2UHP (UN v1),2357:010b,kernel mt76x0/usb.c,n/a,A,"Added based on kernel device table."
MT7610U,mt76x0u,TP-Link,(unknown specific model -- driver_info=1 variant),2357:0105,kernel mt76x0/usb.c,n/a,B,"Kernel device table entry with no comment, driver_info=1. Specific TP-Link model not identified by the kernel comment."
MT7610U,mt76x0u,Edimax,7711mac,7392:a711,kernel mt76x0/usb.c,n/a,A,"Kernel-confirmed."
MT7610U,mt76x0u,Edimax / Elecom,(generic),7392:b711,kernel mt76x0/usb.c (comment: 'Edimax / Elecom'),n/a,B,"CONFLICT: same VID:PID also appears in mt76x2/usb.c with comment 'Edimax EW 7722 UAC' (MT7612U). Kernel binding race possible. Verify which driver wins on a real probe."
MT7610U,mt76x0u,Asus,USB-AC51,0b05:17d1,kernel mt76x0/usb.c,n/a,A,"Stack Exchange: 5 questions, 38,672 views (per parallel research) -- significant Q&A footprint."
MT7610U,mt76x0u,Asus,USB-AC50,0b05:17db,kernel mt76x0/usb.c,n/a,A,"Kernel-confirmed."
MT7610U,mt76x0u,Sitecom,WLA-3100,0df6:0075,kernel mt76x0/usb.c,n/a,A,"Added based on kernel device table."
MT7610U,mt76x0u,Sitecom Europe,AC Stick,0df6:0079,kernel mt76x0/usb.c,n/a,A,"Added based on kernel device table."
MT7610U,mt76x0u,Planex,GW-450D,2019:ab31,kernel mt76x0/usb.c,n/a,A,"Japanese market. Added based on kernel device table."
MT7610U,mt76x0u,D-Link,DWA-171 rev B1,2001:3d02,kernel mt76x0/usb.c,n/a,A,"FILLED IN VID:PID from kernel."
MT7610U,mt76x0u,Zyxel,NWD6505,0586:3425,kernel mt76x0/usb.c,n/a,A,"FILLED IN VID:PID from kernel."
MT7610U,mt76x0u,AboCom,AU7212,07b8:7610,kernel mt76x0/usb.c,n/a,A,"Added based on kernel device table."
MT7610U,mt76x0u,I-O DATA,WN-AC433UK,04bb:0951,kernel mt76x0/usb.c,n/a,A,"Japanese market. Added based on kernel device table."
MT7610U,mt76x0u,AVM,FRITZ!WLAN USB Stick AC 430,057c:8502,kernel mt76x0/usb.c,n/a,A,"DACH market. NOTE: This is the AC 430 (single-band MT7610U), NOT the AC 860 (which is mt76x2u below)."
MT7610U,mt76x0u,Comcast Xfinity,KXW02AAA,293c:5702,kernel mt76x0/usb.c,n/a,A,"ISP-distributed. Added based on kernel device table."
MT7610U,mt76x0u,TRENDnet,TEW-806UBH,20f4:806b,kernel mt76x0/usb.c,n/a,A,"Added based on kernel device table."
MT7610U,mt76x0u,Devolo,Wifi ac Stick,7392:c711,kernel mt76x0/usb.c,n/a,A,"DACH market. Added based on kernel device table."
MT7630U,mt76x0u,(MediaTek MT7630U),(reference),0E8D:7630,kernel mt76x0/usb.c (intf 2 only),n/a,A,"Half-band reference variant. Limited retail presence."
MT7650U,mt76x0u,(MediaTek MT7650U),(reference),0E8D:7650,kernel mt76x0/usb.c (intf 2 only),n/a,A,"Half-band reference variant. Limited retail presence."
MT7612U,mt76x2u,Aukey / Alfa Network,USBAC1200 / AWUS036ACM,0e8d:7612,kernel mt76x2/usb.c (comment: 'Aukey USBAC1200 - Alfa AWUS036ACM'),2AB877612,A,"Kernel-confirmed dual attribution. In Nick's Speed_Comparison: AWUS036ACM at 393 Mb/s. Top Reddit pick: 23 mentions."
MT7612U,mt76x2u,Asus,USB-AC54,0b05:1833,kernel mt76x2/usb.c,n/a,A,"Kernel-confirmed."
MT7612U,mt76x2u,Asus,USB-AC55 (Rev A only),0b05:17eb,kernel mt76x2/usb.c,MSQ-USBAC55,A,"Rev A is MT7612U. Rev B1 silently swapped to Realtek per parallel research. Watch the SKU integrity trap."
MT7612U,mt76x2u,Asus,USB-N53 B1,0b05:180b,kernel mt76x2/usb.c,n/a,A,"Kernel-confirmed."
MT7612U,mt76x2u,Edimax,EW 7722 UAC,7392:b711,kernel mt76x2/usb.c (comment: 'Edimax EW 7722 UAC'),n/a,B,"CONFLICT: same VID:PID also in mt76x0/usb.c with different comment. Two driver claims; kernel binding outcome may depend on order."
MT7612U,mt76x2u,Mercury,UD13,2c4e:0103,kernel mt76x2/usb.c,n/a,A,"China-market. Kernel-confirmed."
MT7612U,mt76x2u,Netgear,A6210,0846:9053,kernel mt76x2/usb.c,PY313400249,A,"5,100 Amazon reviews -- highest-volume MediaTek USB WiFi adapter on Amazon US by review count. eBay: 59 sold/90d. Stack Exchange: 9 questions / 49,643 views."
MT7612U,mt76x2u,Netgear,WNDA3100v3,0846:9014,kernel mt76x2/usb.c,n/a,A,"Older Netgear N-class. Kernel-confirmed."
MT7612U,mt76x2u,TP-Link,TL-WDN6200,2357:0137,kernel mt76x2/usb.c,n/a,A,"Kernel-confirmed."
MT7612U,mt76x2u,Microsoft,XBox One Wireless Adapter (1709 / 1790),045e:02e6 / 045e:02fe,kernel mt76x2/usb.c (two entries),n/a,A,"Game-console adapter, MT7612U-class. Kernel-confirmed."
MT7612U,mt76x2u,Panda Wireless,PAU0D,(unknown -- likely 0e8d:7612),community / WikiDevi,2ADUTLGPAU0F (FCC for PAU0F not PAU0D),C,"Widely claimed MT7612U via WikiDevi + Panda product spec. Not in kernel device table directly; likely shares 0e8d:7612 generic binding."
MT7612U,mt76x2u,EDUP,EP-AC1601 / EP-AC1605,unknown,community,n/a,C,"Cheap-brand WiFi 5 dual-band. Widely claimed MT7612U; not in kernel device table directly."
MT7612U,mt76x2u,Comcast Xfinity,(unknown),unknown,community,n/a,C,"ISP-distributed in some regions. Verify."
MT7662U,mt76x2u,AVM,FRITZ!WLAN AC 860,057c:8503,kernel mt76x2/usb.c (comment: 'Avm FRITZ!WLAN AC860'),n/a,A,"Kernel binds whole 057c:8503 device under mt76x2u with single firmware path. WikiDevi reports the hardware contains MT7610UN (2.4) + MT7662U (5) dual-chip; Linux driver perspective is single mt76x2u with MT7662 firmware. DACH market staple. 158 linux-hardware.org probes."
MT7662U,mt76x2u,(MediaTek reference),HC-M7662BU1,0e8d:7632,kernel mt76x2/usb.c,n/a,A,"Reference design board. Kernel-confirmed."
MT7662U,mt76x2u,Lite-On,WN4516R / WN4519R modules,0471:2126 / 0471:7600,kernel mt76x2/usb.c (two entries),12 FCC grants under WCBN4510R variant suffixes,A,"Embedded module platform. Lite-On WCBN4510R commonly cited but specific kernel-listed modules are WN4516R + WN4519R. Either way, MT7662U-class embedded install base invisible to linux-hardware.org USB probes."
MT7663U,mt7615u (mt7615 driver USB stub),(MediaTek MT7663U),(generic),0e8d:7663,kernel mt7615/usb.c,n/a,A,"WiFi 5 wave 2 USB. Limited retail USB-stick presence -- mostly embedded use."
MT7663U,mt7615u,(LG OEM module),(unknown LG model),043e:310c,kernel mt7615/usb.c,n/a,A,"Kernel-confirmed LG-branded module."
MT7921AU,mt7921u,Netgear,A8000 (Nighthawk WiFi 6E AXE3000),0846:9060,kernel mt7921/usb.c,PY322200565,A,"NOTE on marketing: Netgear markets A8000 as 'WiFi 6E AXE3000' implying 6 GHz, but the chip MT7921AU is dual-band WiFi 6 (2.4/5 GHz only). The 'AXE' branding is debatable. 1,356 Amazon reviews. eBay: 60 sold/90d (#1 in our dataset). 18 Reddit recs."
MT7921AU,mt7921u,Netgear,A7500,0846:9065,kernel mt7921/usb.c,n/a,A,"Kernel-confirmed. eBay: 36 sold/90d."
MT7921AU,mt7921u,TP-Link,Archer TXE50UH,35bc:0107,kernel mt7921/usb.c,2AXJ4TXE50UH,A,"FILLED IN VID:PID from kernel. Marketed AXE but chip is dual-band WiFi 6."
MT7921AU,mt7921u,Alfa Network,AWUS036AXML,0e8d:7961,kernel mt7921/usb.c (generic 0e8d:7961 binding),community-confirmed,A,"the maintainer's daily driver. Classic pen-test WiFi 6 pick. 13 Reddit recs."
MT7921AU,mt7921u,Comfast,CF-951AX,0e8d:7961,community + Fedora WiFi Alliance source (FCC OYR-CF-951AX),OYR-CF-951AX,A,"In Nick's Speed_Comparison: 627 Mb/s reference. Note: Comfast CF-952AX (different model number) is Realtek RTL8832BU, not MediaTek."
MT7921AU,mt7921u,Comfast,CF-953AX,0e8d:7961,community,n/a,B,"Per Fedora: 72 GitHub issues -- most for any single mt76 USB adapter."
MT7921AU,mt7921u,EDUP,EP-AX1672,0e8d:7961,community,n/a,B,"Cheap-brand mt7921au via generic 0e8d:7961 binding."
MT7921AU,mt7921u,EDUP,EP-AX1673,0e8d:7961,community,n/a,B,"Cheap-brand mt7921au sibling."
MT7921AU,mt7921u,Fenvi,FU-AX1800,0e8d:7961,community,n/a,B,"AliExpress: 1,000+ orders on a single listing."
MT7921AU,mt7921u,Fenvi,FU-AX1801D,0e8d:7961,community,n/a,B,"Kernel 5.18+ per Fedora WiFi Alliance source."
MT7921AU,mt7921u,BrosTrend,AX9L,0e8d:7961,community,n/a,B,"WiFi 6 AX1800 dual-band per Brostrend product page (NOT WiFi 6E despite some confusing source text)."
MT7921AU,mt7921u,Logilink,WL0250,0e8d:7961,community (ZerBea report on #682),n/a,B,"European market mt7921au variant. Hardware-variant divergence noted by ZerBea: works in monitor mode where Logilink doesn't, both same VID:PID + same firmware."
MT7921AU,mt7921u,Generic OEM (AliExpress 1800Mbps WiFi 6 USB),(no specific brand),0e8d:7961,community + AliExpress listing,n/a,A,"SINGLE LISTING on AliExpress with 10,000+ lifetime orders. The cheap-brand chipset volume that brand-anchored signals (Reddit, Amazon) entirely miss."
MT7921AU,mt7921u,(unknown OEM),(unknown),3574:6211,kernel mt7921/usb.c,n/a,B,"Kernel device table includes 3574:6211 with no comment. Real-world product unknown -- likely an OEM module."
MT7925U,mt7925u,Netgear,A9000,0846:9072,kernel mt7925/usb.c,PY324300631,A,"The only mt7925u USB SKU shipping at retail. Released 2025-06-17. eBay: 57 sold in only 50 days since launch (~1/day, fastest velocity in dataset). 836 Amazon reviews. Mainline since 6.18 (backported to 6.17 + 6.12)."
MT7925U,mt7925u,Generic / MediaTek reference,(reference design),0e8d:7925,kernel mt7925/usb.c,n/a,A,"Generic MediaTek WiFi 6E reference. Likely covers cheap-brand mt7925u sticks as they emerge."
MT7925U,mt7925u,Alfa Network,AWUS036AXM (NOT AXML),0e8d:7925 (generic MediaTek reference PID; kernel mt7925/usb.c has no Alfa-specific entry so all third-party AXE3000 sticks bind via the generic ID),community + Alfa product page,n/a,A,"AWUS036AXM (no L) is the WiFi 6E tri-band variant = MT7925U. AWUS036AXML (with L) is the WiFi 6 dual-band variant = MT7921AU -- one-letter model-name difference, two different chips. 87 Amazon reviews."
MT7925U,mt7925u,BrosTrend,AXE3000 Linux WiFi Adapter,0e8d:7925 (generic; binds via kernel mt7925/usb.c 0e8d:7925 entry),community + BrosTrend product page,n/a,A,"Explicitly Linux-marketed. AXE3000 = WiFi 6E = MT7925U. 263 Amazon reviews (#56 in Best Sellers)."
MT7925U,mt7925u,Panda Wireless,PAU0F,0e8d:7925 (generic; binds via kernel mt7925/usb.c 0e8d:7925 entry),community + Amazon listing,2ADUTLGPAU0F (FCC),A,"Amazon listing: 'AXE3000 Tri Band (2.4/5/6 GHz) WiFi 6E USB 3.0 Adapter' = MT7925U. 198 Amazon reviews."
MT7902,mt7921e (PCIe),MediaTek ref / ASUS VivoBook family + Acer Aspire A3xx budget + HP Laptop 15-fd,(top hosts via linux-hardware.org page-1: ASUS VivoBook X1605VA + ASUS VivoBook K6602VV + all top-10 ASUS VivoBook/ASUSLaptop SKUs; earliest probe 2023-11-25),14c3:7902,kernel mt7921/pci.c (in torvalds master; Sean Wang 11-patch series authored 2026-02-18/19, committed by Felix Fietkau nbd tree 2026-03-24),RAS-MT7902 (granted 2022-05-03),A,"Wi-Fi 6E 1x1 single-stream. 1510 linux-hardware.org probes as of 2026-04-17. Page-1 form factor 14/15 notebook. Firmware WIFI_RAM_CODE_MT7902_1.bin (SHA-256 b595...4998) + WIFI_MT7902_patch_mcu_1_1_hdr.bin (SHA-256 d73b...e30a) byte-identical between morrownr/mt76/firmware/ and upstream linux-firmware. No USB SKU. Bound by mt7921e.ko which is a 4-chip driver (MT7920 + MT7921 + MT7922 + MT7902). PCIe and SDIO share the same firmware blob."
MT7927,(not in torvalds/linux master as of 2026-04-17; upstream patch series at linux-wireless patchwork; community DKMS jetm/mediatek-mt7927-dkms),ASUS ROG / Gigabyte X670E + Z790 AORUS PRO X enthusiast desktops + Lenovo Legion Pro 7 16AFR10H (Gen 10 machine type 83RU; chip ID confirmed via Lenovo Windows driver package PCI\VEN_14C3&DEV_7927&SUBSYS_E0E417AA) + MSI X870E Ace Max + TP-Link TBE550E PCIe + System76 Thelio Mira r4-n4 + Framework Desktop (AMD Strix Halo) option,(top hosts: Gigabyte Z790 AORUS PRO X + Gigabyte X670E AORUS PRO X + System76 Thelio Mira; 100% desktop form factor on page 1; earliest probe 2024-12-22),14c3:7927 + RZ738 14c3:0738,no in-tree driver; upstream WiFi patches at linux-wireless patchwork add MT7927_FIRMWARE_WM = 'mediatek/mt7927/WIFI_RAM_CODE_MT6639_2_1.bin' (MT6639 is MediaTek's internal codename); BT uses USB 0489:e13a/e0fa with gitlab MR !946 (Draft),RAS-MT7927 (granted 2023-01-18),B,"Wi-Fi 7 2x2 DBDC PCIe-only. 293 linux-hardware.org probes on X870E flagship desktops as of 2026-04-17. No mainline driver and no firmware in upstream linux-firmware. Kernel patch series targets mt7925e.ko binding (not mt7921e.ko). morrownr/mt76 cannot ship MT7927 firmware today."
MT7601U,mt7601u (SEPARATE driver -- NOT mt76 framework),Generic / multiple OEM,(generic),148f:7601,kernel mt7601u/usb.c,n/a,A,"OUT OF SCOPE for morrownr/mt76 firmware/ planning. Uses standalone mt7601u driver path, separate from the unified mt76 framework. Reported here for completeness only. Linux-hardware.org has 2,766 probes; AliExpress: 1,000+ orders on a single MTK 7601 N150 USB listing."
RTL8821AU (NOT MediaTek),rtl8xxxu / r8821au,Asus,USB-AC53 Nano,n/a,n/a,n/a,A,"Guardrail row: ASUS USB-AC53 Nano is Realtek RTL8821AU, not MediaTek. Documented to prevent mis-attribution."
RTL8812BU (NOT MediaTek),rtl8xxxu / r8812bu,Cudy,WU1300S,n/a,n/a,n/a,A,"NOT MediaTek. Cudy WU1300S is Realtek RTL8812BU despite a model name suggesting MediaTek lineage. Documented here so it doesn't end up in future MediaTek catalogues."
RTL8832BU (NOT MediaTek),rtl8xxxu,Comfast,CF-952AX (current revision),n/a,n/a,n/a,A,"Guardrail row: Comfast CF-952AX current revision ships Realtek RTL8832BU. (Early revision used MediaTek MT7921AU; the silicon was swapped without a model-name change.) Avoid for MediaTek catalogues."
MT7610E,mt76x0e,MediaTek ref / OEM router-combo cards,(no mainstream consumer laptop footprint),14c3:7610,kernel mt76x0/pci.c,n/a,A,"0 linux-hardware.org probes as of 2026-04-17 -- effectively zero current consumer install base. Firmware mt7610e.bin is DISTINCT from mt7610u.bin; kernel mt76x0/mt76x0.h defines MT7610E_FIRMWARE='mediatek/mt7610e.bin' and MT7610U_FIRMWARE='mediatek/mt7610u.bin' as separate files."
MT7612E,mt76x2e,MediaTek ref / router-class cards,(near-zero consumer laptop footprint),14c3:7612,kernel mt76x2/pci.c,n/a,A,"1 linux-hardware.org probe as of 2026-04-17. mt76x2 PCIe+USB DO share firmware: kernel mt76x2/{pci,usb}.c both MODULE_FIRMWARE(MT7662_FIRMWARE='mt7662.bin'). Single mt7662.bin + mt7662_rom_patch.bin serves MT7612E/U, MT7662E/U, MT7602E."
MT7662E,mt76x2e,AVM FRITZ! dual-chip integrations + OEM modules,(industrial / router integration primarily),14c3:7662,kernel mt76x2/pci.c,n/a,A,"0 linux-hardware.org probes as of 2026-04-17. Shares mt7662.bin with MT7612E PCIe and MT7612U/MT7662U USB."
MT7921E / MT7921K,mt7921e,"Lenovo ThinkPad + IdeaPad (notebook-dominant via AzureWave AW-XB468NF = MT7921LEN); Dell Inspiron 14/16 5425/5625/5435/5635 (Dell lists the chip by MediaTek's native part name, not a Dell rebrand); HP Pavilion/Victus/EliteBook 845 G8 (Ubuntu Certified); AMD RZ608 is MT7921K via Foxconn T99H245 V005; mini-PCs Beelink SER5, GMKtec K6, Gigabyte B550 AORUS ELITE AX V2 desktops",(top hosts: 14c3:7961 -- Lenovo ThinkPad E15 Gen 3 20YHS01S00 (16 probes; strongly #1) + ASUS VivoBook M3500QC + Lenovo ThinkPad T14s Gen 2a 20XF006XCK (page-1 form: 14/15 notebook); 14c3:0608 -- Gigabyte B550 AORUS ELITE AX V2 desktop (6 probes) + MSI Modern 14 B5M notebook + MSI Alpha 17 B5EEK (9 notebook / 6 desktop). Earliest probe Feb 2022),14c3:7961 (MT7921 generic) + 14c3:0608 (MT7921K = AMD RZ608 co-brand),kernel mt7921/pci.c (in torvalds master since 5.18),RAS-MT7921 (granted 2020-09-25) + RAS-MT7921K (2021-01-05),A,"Largest PCIe install base in the mt76 family as of 2026-04-17: 6351 linux-hardware.org probes (4714 @ 14c3:7961 + 1637 @ 14c3:0608). PCIe + USB share firmware: both mt7921e.ko and mt7921u.ko MODULE_FIRMWARE(WIFI_RAM_CODE_MT7961_1.bin + WIFI_MT7961_patch_mcu_1_2_hdr.bin); morrownr/mt76 ships this one blob pair covering PCIe + USB transports. 28+ CVEs filed against mt76/mt7921 driver family since 2024."
MT7922,mt7921e (PCIe-only),"Lenovo ThinkPad L14/L15/T14 Gen 3/4 AMD (PSREF calls it 'AMD Wi-Fi 6E RZ616'; Lenovo driver page ds555117 is title-explicit 'MTK 7922/AMD RZ616 Wireless LAN Driver'); HP EliteBook 6xx/8xx G10-G11 + HP ProBook 445/455 G10 (HP QuickSpecs: 'Mediatek RZ616'); Framework Laptop 13 / Laptop 16 + older Framework Desktop; System76 Pangolin (AzureWave AW-XM514NF soldered MT7922A12L) + System76 Thelio R5-N1; Tuxedo InfinityBook Pro 14/15 + Max 15 Gen10 AMD; Ubuntu Certified HP ZBook 8 G1ah; gaming handhelds ASUS ROG Ally (2023 + Ally X 2024) + Lenovo Legion Go (2023) + Legion Go S (2025); mini-PCs GMKtec M5 Ultra (260 Amazon reviews) + M6 Ultra (829 Amazon reviews -- alone exceeds combined review volume of every standalone MediaTek PCIe card ASIN on Amazon US) + NucBox K6 + Minisforum UM890 Pro + Beelink SER7 AMD + Geekom A7/GT13 Pro/XT12 Pro",(top hosts: 14c3:0616 -- Gigabyte B650 AORUS ELITE AX desktop (4 probes) + MSI PRO B650M-A WIFI desktop + Acer Aspire A315-44P (page-1 form: 6 notebook / 9 desktop); 14c3:7922 -- ASUS VivoBook K6500ZE + Zenbook UM3402YA (9 notebook / 5 convertible / 1 desktop). Earliest probe May 2022),14c3:0616 (RZ616 co-brand) + 14c3:7922 (MT7922 generic),kernel mt7921/pci.c (in torvalds master since 5.17),RAS-MT7922A12L (granted 2021-10-05) + RAS-MT7922A22M (equipment filings from 2023-03),A,"5538 linux-hardware.org probes (4758 @ 14c3:0616 + 780 @ 14c3:7922) -- second-largest PCIe install base. 'AMD Wi-Fi 6E RZ616' = MT7922 per Lenovo driver page + AnandTech AMD launch coverage. Distinct firmware from MT7921: WIFI_RAM_CODE_MT7922_1.bin (SHA-256 1226...1fda) + WIFI_MT7922_patch_mcu_1_1_hdr.bin (SHA-256 6d04...5f5a) byte-identical between morrownr/mt76 and linux-firmware. PCIe-only; no USB SKU. Bound by mt7921e.ko. Fenvi MT7922 PCIe card family on AliExpress aggregates ~10,000+ lifetime orders across 3 listings. MT7922 BT-on-resume panic on kernel 6.11.3 fixed in 6.12.8 via btusb.c commits b967b37c / 9da1cfc4 / cc569d79 / f5c5661f."
MT7925E / MT7925 (RZ717),mt7925e,"HP OmniBook 7 14/16 (largest consumer volume driver; Pavilion Plus rebrand defaults to MediaTek Wi-Fi 7 across SKUs); Lenovo ThinkPad T14 Gen 6 AMD / Yoga 7 14AKP10 / 16AGP11 / ThinkBook 16 G7+; Framework Laptop 13 (AMD Strix Point) + Framework Desktop (AMD Strix Halo) default (Framework sells the module separately at CAD $40 / ~USD $29 as 'AMD RZ717 Wi-Fi 7'); System76 Thelio Mira r4-n4 (MT7925 or MT7927 factory option); Slimbook Executive 2026 (factory WiFi option); ASUS ProArt P16 H7606WI; Ubuntu Certified Dell Pro Precision 9 Tower T2 + Lenovo ThinkStation P8 + HP ZBook 8 G1ah. Module vendor: AzureWave AW-EB600NF (MT7925B22M) + AW-EB600NF-NV (Nvidia-qualified variant)",(top hosts: 14c3:7925 -- Shenzhen Meigao DRBAA mini-PC barebone + Gigabyte X870 EAGLE WIFI7 + Gigabyte X870 AORUS ELITE WIFI7 desktops (page-1 form: 9 desktop / 4 convertible / 2 notebook -- convertible presence includes ProArt PX13); 14c3:0717 -- ASRock X870E Nova WiFi + ASRock B850M Steel Legend WiFi + Framework Laptop 16 (13 desktop / 1 mini-PC / 1 notebook). Earliest probes: 14c3:7925 2024-04-15; 14c3:0717 2025-01-12),14c3:7925 (MT7925 generic) + 14c3:0717 (RZ717 co-brand),kernel mt7925/pci.c (in torvalds master since 6.7),RAS-MT7925B22M (granted 2023-09-28) + RAS-MT7925B14L (granted 2024-05-02) + RAS-MT7925B14LA (granted 2025-06-11),A,"1105 linux-hardware.org probes (866 @ 14c3:7925 + 239 @ 14c3:0717). Actively ramping 2024-2026. PCIe + USB share firmware: both mt7925e.ko and mt7925u.ko MODULE_FIRMWARE(mediatek/mt7925/WIFI_RAM_CODE_MT7925_1_1.bin (SHA-256 f156...451d) + WIFI_MT7925_PATCH_MCU_1_1_hdr.bin (SHA-256 8b68...eeb3)) -- byte-identical between morrownr/mt76 and linux-firmware. PCIe-internal-card distro regressions (Framework-default 2026-01 panic storm; downstream zbowling/mt7925 DKMS; open Fedora firmware regression on linux-firmware-20260110-1 tracked as RH BZ 2440298 ON_QA + 2459017 NEW) drive MT7925's negative Linux sentiment; the USB variant is unaffected. 11+ MT7925-touching CVEs lifetime across MediaTek-CNA + kernel-CNA pools."
MT7920,mt7921e (PCIe-only),"Lenovo ThinkPad E14 Gen 7 AMD + E16 Gen 3 AMD (PSREF-explicit: 'MediaTek Wi-Fi 6 MT7920, 802.11ax 2x2 Wi-Fi + Bluetooth 5.3'); Lenovo IdeaPad Slim 3 14AHP10 83K9; THUNDEROBOT R15; Acer Aspire AG15-71P",(top hosts: Lenovo IdeaPad Slim 3 14AHP10 83K9 + THUNDEROBOT R15 + Acer Aspire AG15-71P (page-1 form: 11 notebook / 2 mini-PC / 2 desktop). Earliest probe Apr 2025),14c3:7920,kernel mt7921/pci.c (in torvalds master 6.10+),RAS-MT7920 (2025),A,"71 linux-hardware.org probes as of 2026-04-17 -- niche but growing. Bound by mt7921e.ko. Uses MT7961_1a firmware variant (WIFI_RAM_CODE_MT7961_1a.bin + WIFI_MT7961_patch_mcu_1a_2_hdr.bin) -- distinct from MT7921's _1 blob despite same driver. Budget AMD laptop niche."
MT7663E,mt7615,(legacy Wi-Fi 5 2x2; Acer Aspire A317-53 notebook family dominates),(top hosts: Acer Aspire A317-53 (5 probes) + all page-1 rows Acer Aspire A315/A317 series; 100% notebook form factor. Earliest probe Oct 2022),14c3:7663,kernel mt7615/pci.c,n/a,A,"54 linux-hardware.org probes as of 2026-04-17. Wi-Fi 5 2x2 legacy chip in the mt7615 driver family. Firmware mt7663_n9_v3.bin + mt7663pr2h.bin already upstream."
MT7921S (SDIO),mt7921s,"ChromeOS Chromebook Plus devices with MediaTek Kompanio SoCs: Lenovo Chromebook Duet Gen 9 (Kompanio 838), Acer Chromebook Plus Spin 514 (Kompanio Ultra 910), Lenovo Chromebook Plus 14, ASUS Kompanio 520 Chromebooks. EDU-channel ChromeOS volume (few million units)",(7 linux-hardware.org SDIO probes at 037a:7961 across 2 Google 'Magneton' Kompanio reference machines; LHW under-counts Chromebook install base severely since hw-probe is rarely run on ChromeOS),037a:7961 (SDIO) + SDIO vendor 0x037a,kernel include/linux/mmc/sdio_ids.h (MT7961 SDIO ID 0x7961; MT7902 SDIO ID 0x790a; MT7663 SDIO ID 0x7663; MT7668 SDIO ID 0x7668),same as MT7921 (RAS-MT7921),B,"SDIO transport of MT7921 / MT7961 silicon. Shared firmware with PCIe/USB variants (WIFI_RAM_CODE_MT7961_1.bin). Primary consumer use is ChromeOS Chromebooks on MediaTek Kompanio SoCs (Chromebook Plus family). Not a hw-probe-friendly population so install base is materially under-counted by linux-hardware.org; likely low-millions units across the 2023-2026 Chromebook Plus lineup. Firmware shipping for MT7921 family already covers this. MT7925 has no SDIO variant. MT7902 has an SDIO device ID in the kernel but no identified consumer product as of 2026-04-17."
Banana Pi / SBC factory-MediaTek,mt7915 + mt7921 (miniPCIe user-install),"BananaPi BPI-R4 (MT7988A Filogic 880 SoC + BPI-R4-NIC-BE14 Wi-Fi 7 module: MT7995AV + MT7976CN + MT7977IAN); BPI-R3 + BPI-R3 Mini (MT7986A + MT7975N/P + MT7976C); BPI-R4 miniPCIe accepts AsiaRF AW7916-NPD (MT7916 Wi-Fi 6E) + MT7922 / MT7925 cards per community forum reports",(factory-MediaTek SBC population estimated ~50K-150K lifetime across all BPI-R variants combined; LHW under-counts 3-5x because OpenWrt is the dominant OS on BPI-R boards and hw-probe coverage there is minimal. User-installed MTK M.2 cards into Rock5/Orange Pi 5/Jetson Orin Nano/NanoPi M6 are single-digit thousands -- enthusiast scale),n/a (router SoCs; for client miniPCIe see MT79xx client rows),OpenWrt Table of Hardware for device matrix; kernel mt7915/ and mt7981/ for SoC drivers,various RAS- grants,B,"Router-class MediaTek is technically out of scope for morrownr/mt76 issue #5 but BPI-R4/R3 are the consumer-facing Wi-Fi 7/6E SBC platforms that ALSO take MediaTek mt76 client cards in miniPCIe slots. Jetson Orin Nano MT7921 installs FAIL under JetPack 6.1 per NVIDIA forum (Nvidia's forked kernel lags mainline mt76). Radxa/Orange Pi/Khadas/FriendlyELEC/Raspberry Pi/Pine64/MNT Reform ship ZERO factory MediaTek across current lineups."
